<?xml version="1.0" encoding="utf-8"?>
<odoo>
    <data noupdate="1">
        <!-- 47 Prefectures / 47都道府県 -->
        <record id="prefecture_hokkaido" model="hr.insurance.prefecture">
            <field name="name">北海道</field>
            <field name="code">hokkaido</field>
            <field name="sequence">1</field>
        </record>
        <record id="prefecture_aomori" model="hr.insurance.prefecture">
            <field name="name">青森</field>
            <field name="code">aomori</field>
            <field name="sequence">2</field>
        </record>
        <record id="prefecture_iwate" model="hr.insurance.prefecture">
            <field name="name">岩手</field>
            <field name="code">iwate</field>
            <field name="sequence">3</field>
        </record>
        <record id="prefecture_miyagi" model="hr.insurance.prefecture">
            <field name="name">宮城</field>
            <field name="code">miyagi</field>
            <field name="sequence">4</field>
        </record>
        <record id="prefecture_akita" model="hr.insurance.prefecture">
            <field name="name">秋田</field>
            <field name="code">akita</field>
            <field name="sequence">5</field>
        </record>
        <record id="prefecture_yamagata" model="hr.insurance.prefecture">
            <field name="name">山形</field>
            <field name="code">yamagata</field>
            <field name="sequence">6</field>
        </record>
        <record id="prefecture_fukushima" model="hr.insurance.prefecture">
            <field name="name">福島</field>
            <field name="code">fukushima</field>
            <field name="sequence">7</field>
        </record>
        <record id="prefecture_ibaraki" model="hr.insurance.prefecture">
            <field name="name">茨城</field>
            <field name="code">ibaraki</field>
            <field name="sequence">8</field>
        </record>
        <record id="prefecture_tochigi" model="hr.insurance.prefecture">
            <field name="name">栃木</field>
            <field name="code">tochigi</field>
            <field name="sequence">9</field>
        </record>
        <record id="prefecture_gunma" model="hr.insurance.prefecture">
            <field name="name">群馬</field>
            <field name="code">gunma</field>
            <field name="sequence">10</field>
        </record>
        <record id="prefecture_saitama" model="hr.insurance.prefecture">
            <field name="name">埼玉</field>
            <field name="code">saitama</field>
            <field name="sequence">11</field>
        </record>
        <record id="prefecture_chiba" model="hr.insurance.prefecture">
            <field name="name">千葉</field>
            <field name="code">chiba</field>
            <field name="sequence">12</field>
        </record>
        <record id="prefecture_tokyo" model="hr.insurance.prefecture">
            <field name="name">東京</field>
            <field name="code">tokyo</field>
            <field name="sequence">13</field>
        </record>
        <record id="prefecture_kanagawa" model="hr.insurance.prefecture">
            <field name="name">神奈川</field>
            <field name="code">kanagawa</field>
            <field name="sequence">14</field>
        </record>
        <record id="prefecture_niigata" model="hr.insurance.prefecture">
            <field name="name">新潟</field>
            <field name="code">niigata</field>
            <field name="sequence">15</field>
        </record>
        <record id="prefecture_toyama" model="hr.insurance.prefecture">
            <field name="name">富山</field>
            <field name="code">toyama</field>
            <field name="sequence">16</field>
        </record>
        <record id="prefecture_ishikawa" model="hr.insurance.prefecture">
            <field name="name">石川</field>
            <field name="code">ishikawa</field>
            <field name="sequence">17</field>
        </record>
        <record id="prefecture_fukui" model="hr.insurance.prefecture">
            <field name="name">福井</field>
            <field name="code">fukui</field>
            <field name="sequence">18</field>
        </record>
        <record id="prefecture_yamanashi" model="hr.insurance.prefecture">
            <field name="name">山梨</field>
            <field name="code">yamanashi</field>
            <field name="sequence">19</field>
        </record>
        <record id="prefecture_nagano" model="hr.insurance.prefecture">
            <field name="name">長野</field>
            <field name="code">nagano</field>
            <field name="sequence">20</field>
        </record>
        <record id="prefecture_gifu" model="hr.insurance.prefecture">
            <field name="name">岐阜</field>
            <field name="code">gifu</field>
            <field name="sequence">21</field>
        </record>
        <record id="prefecture_shizuoka" model="hr.insurance.prefecture">
            <field name="name">静岡</field>
            <field name="code">shizuoka</field>
            <field name="sequence">22</field>
        </record>
        <record id="prefecture_aichi" model="hr.insurance.prefecture">
            <field name="name">愛知</field>
            <field name="code">aichi</field>
            <field name="sequence">23</field>
        </record>
        <record id="prefecture_mie" model="hr.insurance.prefecture">
            <field name="name">三重</field>
            <field name="code">mie</field>
            <field name="sequence">24</field>
        </record>
        <record id="prefecture_shiga" model="hr.insurance.prefecture">
            <field name="name">滋賀</field>
            <field name="code">shiga</field>
            <field name="sequence">25</field>
        </record>
        <record id="prefecture_kyoto" model="hr.insurance.prefecture">
            <field name="name">京都</field>
            <field name="code">kyoto</field>
            <field name="sequence">26</field>
        </record>
        <record id="prefecture_osaka" model="hr.insurance.prefecture">
            <field name="name">大阪</field>
            <field name="code">osaka</field>
            <field name="sequence">27</field>
        </record>
        <record id="prefecture_hyogo" model="hr.insurance.prefecture">
            <field name="name">兵庫</field>
            <field name="code">hyogo</field>
            <field name="sequence">28</field>
        </record>
        <record id="prefecture_nara" model="hr.insurance.prefecture">
            <field name="name">奈良</field>
            <field name="code">nara</field>
            <field name="sequence">29</field>
        </record>
        <record id="prefecture_wakayama" model="hr.insurance.prefecture">
            <field name="name">和歌山</field>
            <field name="code">wakayama</field>
            <field name="sequence">30</field>
        </record>
        <record id="prefecture_tottori" model="hr.insurance.prefecture">
            <field name="name">鳥取</field>
            <field name="code">tottori</field>
            <field name="sequence">31</field>
        </record>
        <record id="prefecture_shimane" model="hr.insurance.prefecture">
            <field name="name">島根</field>
            <field name="code">shimane</field>
            <field name="sequence">32</field>
        </record>
        <record id="prefecture_okayama" model="hr.insurance.prefecture">
            <field name="name">岡山</field>
            <field name="code">okayama</field>
            <field name="sequence">33</field>
        </record>
        <record id="prefecture_hiroshima" model="hr.insurance.prefecture">
            <field name="name">広島</field>
            <field name="code">hiroshima</field>
            <field name="sequence">34</field>
        </record>
        <record id="prefecture_yamaguchi" model="hr.insurance.prefecture">
            <field name="name">山口</field>
            <field name="code">yamaguchi</field>
            <field name="sequence">35</field>
        </record>
        <record id="prefecture_tokushima" model="hr.insurance.prefecture">
            <field name="name">徳島</field>
            <field name="code">tokushima</field>
            <field name="sequence">36</field>
        </record>
        <record id="prefecture_kagawa" model="hr.insurance.prefecture">
            <field name="name">香川</field>
            <field name="code">kagawa</field>
            <field name="sequence">37</field>
        </record>
        <record id="prefecture_ehime" model="hr.insurance.prefecture">
            <field name="name">愛媛</field>
            <field name="code">ehime</field>
            <field name="sequence">38</field>
        </record>
        <record id="prefecture_kochi" model="hr.insurance.prefecture">
            <field name="name">高知</field>
            <field name="code">kochi</field>
            <field name="sequence">39</field>
        </record>
        <record id="prefecture_fukuoka" model="hr.insurance.prefecture">
            <field name="name">福岡</field>
            <field name="code">fukuoka</field>
            <field name="sequence">40</field>
        </record>
        <record id="prefecture_saga" model="hr.insurance.prefecture">
            <field name="name">佐賀</field>
            <field name="code">saga</field>
            <field name="sequence">41</field>
        </record>
        <record id="prefecture_nagasaki" model="hr.insurance.prefecture">
            <field name="name">長崎</field>
            <field name="code">nagasaki</field>
            <field name="sequence">42</field>
        </record>
        <record id="prefecture_kumamoto" model="hr.insurance.prefecture">
            <field name="name">熊本</field>
            <field name="code">kumamoto</field>
            <field name="sequence">43</field>
        </record>
        <record id="prefecture_oita" model="hr.insurance.prefecture">
            <field name="name">大分</field>
            <field name="code">oita</field>
            <field name="sequence">44</field>
        </record>
        <record id="prefecture_miyazaki" model="hr.insurance.prefecture">
            <field name="name">宮崎</field>
            <field name="code">miyazaki</field>
            <field name="sequence">45</field>
        </record>
        <record id="prefecture_kagoshima" model="hr.insurance.prefecture">
            <field name="name">鹿児島</field>
            <field name="code">kagoshima</field>
            <field name="sequence">46</field>
        </record>
        <record id="prefecture_okinawa" model="hr.insurance.prefecture">
            <field name="name">沖縄</field>
            <field name="code">okinawa</field>
            <field name="sequence">47</field>
        </record>
    </data>
</odoo>
