<?xml version="1.0" encoding="utf-8"?>
<odoo>
    <data noupdate="1">
        <!-- Standard Monthly Remuneration Grade Table / 標準報酬月額等級表 -->
        <!-- Based on health insurance grades (1-50) with pension grades (1-32) -->

        <record id="grade_01" model="hr.insurance.grade">
            <field name="grade">1</field>
            <field name="grade_display">1</field>
            <field name="standard_monthly">58000</field>
            <field name="wage_min">0</field>
            <field name="wage_max">63000</field>
            <field name="has_pension">False</field>
        </record>
        <record id="grade_02" model="hr.insurance.grade">
            <field name="grade">2</field>
            <field name="grade_display">2</field>
            <field name="standard_monthly">68000</field>
            <field name="wage_min">63000</field>
            <field name="wage_max">73000</field>
            <field name="has_pension">False</field>
        </record>
        <record id="grade_03" model="hr.insurance.grade">
            <field name="grade">3</field>
            <field name="grade_display">3</field>
            <field name="standard_monthly">78000</field>
            <field name="wage_min">73000</field>
            <field name="wage_max">83000</field>
            <field name="has_pension">False</field>
        </record>
        <record id="grade_04" model="hr.insurance.grade">
            <field name="grade">4</field>
            <field name="grade_display">4(1)</field>
            <field name="standard_monthly">88000</field>
            <field name="wage_min">83000</field>
            <field name="wage_max">93000</field>
            <field name="has_pension">True</field>
            <field name="pension_grade">1</field>
        </record>
        <record id="grade_05" model="hr.insurance.grade">
            <field name="grade">5</field>
            <field name="grade_display">5(2)</field>
            <field name="standard_monthly">98000</field>
            <field name="wage_min">93000</field>
            <field name="wage_max">101000</field>
            <field name="has_pension">True</field>
            <field name="pension_grade">2</field>
        </record>
        <record id="grade_06" model="hr.insurance.grade">
            <field name="grade">6</field>
            <field name="grade_display">6(3)</field>
            <field name="standard_monthly">104000</field>
            <field name="wage_min">101000</field>
            <field name="wage_max">107000</field>
            <field name="has_pension">True</field>
            <field name="pension_grade">3</field>
        </record>
        <record id="grade_07" model="hr.insurance.grade">
            <field name="grade">7</field>
            <field name="grade_display">7(4)</field>
            <field name="standard_monthly">110000</field>
            <field name="wage_min">107000</field>
            <field name="wage_max">114000</field>
            <field name="has_pension">True</field>
            <field name="pension_grade">4</field>
        </record>
        <record id="grade_08" model="hr.insurance.grade">
            <field name="grade">8</field>
            <field name="grade_display">8(5)</field>
            <field name="standard_monthly">118000</field>
            <field name="wage_min">114000</field>
            <field name="wage_max">122000</field>
            <field name="has_pension">True</field>
            <field name="pension_grade">5</field>
        </record>
        <record id="grade_09" model="hr.insurance.grade">
            <field name="grade">9</field>
            <field name="grade_display">9(6)</field>
            <field name="standard_monthly">126000</field>
            <field name="wage_min">122000</field>
            <field name="wage_max">130000</field>
            <field name="has_pension">True</field>
            <field name="pension_grade">6</field>
        </record>
        <record id="grade_10" model="hr.insurance.grade">
            <field name="grade">10</field>
            <field name="grade_display">10(7)</field>
            <field name="standard_monthly">134000</field>
            <field name="wage_min">130000</field>
            <field name="wage_max">138000</field>
            <field name="has_pension">True</field>
            <field name="pension_grade">7</field>
        </record>
        <record id="grade_11" model="hr.insurance.grade">
            <field name="grade">11</field>
            <field name="grade_display">11(8)</field>
            <field name="standard_monthly">142000</field>
            <field name="wage_min">138000</field>
            <field name="wage_max">146000</field>
            <field name="has_pension">True</field>
            <field name="pension_grade">8</field>
        </record>
        <record id="grade_12" model="hr.insurance.grade">
            <field name="grade">12</field>
            <field name="grade_display">12(9)</field>
            <field name="standard_monthly">150000</field>
            <field name="wage_min">146000</field>
            <field name="wage_max">155000</field>
            <field name="has_pension">True</field>
            <field name="pension_grade">9</field>
        </record>
        <record id="grade_13" model="hr.insurance.grade">
            <field name="grade">13</field>
            <field name="grade_display">13(10)</field>
            <field name="standard_monthly">160000</field>
            <field name="wage_min">155000</field>
            <field name="wage_max">165000</field>
            <field name="has_pension">True</field>
            <field name="pension_grade">10</field>
        </record>
        <record id="grade_14" model="hr.insurance.grade">
            <field name="grade">14</field>
            <field name="grade_display">14(11)</field>
            <field name="standard_monthly">170000</field>
            <field name="wage_min">165000</field>
            <field name="wage_max">175000</field>
            <field name="has_pension">True</field>
            <field name="pension_grade">11</field>
        </record>
        <record id="grade_15" model="hr.insurance.grade">
            <field name="grade">15</field>
            <field name="grade_display">15(12)</field>
            <field name="standard_monthly">180000</field>
            <field name="wage_min">175000</field>
            <field name="wage_max">185000</field>
            <field name="has_pension">True</field>
            <field name="pension_grade">12</field>
        </record>
        <record id="grade_16" model="hr.insurance.grade">
            <field name="grade">16</field>
            <field name="grade_display">16(13)</field>
            <field name="standard_monthly">190000</field>
            <field name="wage_min">185000</field>
            <field name="wage_max">195000</field>
            <field name="has_pension">True</field>
            <field name="pension_grade">13</field>
        </record>
        <record id="grade_17" model="hr.insurance.grade">
            <field name="grade">17</field>
            <field name="grade_display">17(14)</field>
            <field name="standard_monthly">200000</field>
            <field name="wage_min">195000</field>
            <field name="wage_max">210000</field>
            <field name="has_pension">True</field>
            <field name="pension_grade">14</field>
        </record>
        <record id="grade_18" model="hr.insurance.grade">
            <field name="grade">18</field>
            <field name="grade_display">18(15)</field>
            <field name="standard_monthly">220000</field>
            <field name="wage_min">210000</field>
            <field name="wage_max">230000</field>
            <field name="has_pension">True</field>
            <field name="pension_grade">15</field>
        </record>
        <record id="grade_19" model="hr.insurance.grade">
            <field name="grade">19</field>
            <field name="grade_display">19(16)</field>
            <field name="standard_monthly">240000</field>
            <field name="wage_min">230000</field>
            <field name="wage_max">250000</field>
            <field name="has_pension">True</field>
            <field name="pension_grade">16</field>
        </record>
        <record id="grade_20" model="hr.insurance.grade">
            <field name="grade">20</field>
            <field name="grade_display">20(17)</field>
            <field name="standard_monthly">260000</field>
            <field name="wage_min">250000</field>
            <field name="wage_max">270000</field>
            <field name="has_pension">True</field>
            <field name="pension_grade">17</field>
        </record>
        <record id="grade_21" model="hr.insurance.grade">
            <field name="grade">21</field>
            <field name="grade_display">21(18)</field>
            <field name="standard_monthly">280000</field>
            <field name="wage_min">270000</field>
            <field name="wage_max">290000</field>
            <field name="has_pension">True</field>
            <field name="pension_grade">18</field>
        </record>
        <record id="grade_22" model="hr.insurance.grade">
            <field name="grade">22</field>
            <field name="grade_display">22(19)</field>
            <field name="standard_monthly">300000</field>
            <field name="wage_min">290000</field>
            <field name="wage_max">310000</field>
            <field name="has_pension">True</field>
            <field name="pension_grade">19</field>
        </record>
        <record id="grade_23" model="hr.insurance.grade">
            <field name="grade">23</field>
            <field name="grade_display">23(20)</field>
            <field name="standard_monthly">320000</field>
            <field name="wage_min">310000</field>
            <field name="wage_max">330000</field>
            <field name="has_pension">True</field>
            <field name="pension_grade">20</field>
        </record>
        <record id="grade_24" model="hr.insurance.grade">
            <field name="grade">24</field>
            <field name="grade_display">24(21)</field>
            <field name="standard_monthly">340000</field>
            <field name="wage_min">330000</field>
            <field name="wage_max">350000</field>
            <field name="has_pension">True</field>
            <field name="pension_grade">21</field>
        </record>
        <record id="grade_25" model="hr.insurance.grade">
            <field name="grade">25</field>
            <field name="grade_display">25(22)</field>
            <field name="standard_monthly">360000</field>
            <field name="wage_min">350000</field>
            <field name="wage_max">370000</field>
            <field name="has_pension">True</field>
            <field name="pension_grade">22</field>
        </record>
        <record id="grade_26" model="hr.insurance.grade">
            <field name="grade">26</field>
            <field name="grade_display">26(23)</field>
            <field name="standard_monthly">380000</field>
            <field name="wage_min">370000</field>
            <field name="wage_max">395000</field>
            <field name="has_pension">True</field>
            <field name="pension_grade">23</field>
        </record>
        <record id="grade_27" model="hr.insurance.grade">
            <field name="grade">27</field>
            <field name="grade_display">27(24)</field>
            <field name="standard_monthly">410000</field>
            <field name="wage_min">395000</field>
            <field name="wage_max">425000</field>
            <field name="has_pension">True</field>
            <field name="pension_grade">24</field>
        </record>
        <record id="grade_28" model="hr.insurance.grade">
            <field name="grade">28</field>
            <field name="grade_display">28(25)</field>
            <field name="standard_monthly">440000</field>
            <field name="wage_min">425000</field>
            <field name="wage_max">455000</field>
            <field name="has_pension">True</field>
            <field name="pension_grade">25</field>
        </record>
        <record id="grade_29" model="hr.insurance.grade">
            <field name="grade">29</field>
            <field name="grade_display">29(26)</field>
            <field name="standard_monthly">470000</field>
            <field name="wage_min">455000</field>
            <field name="wage_max">485000</field>
            <field name="has_pension">True</field>
            <field name="pension_grade">26</field>
        </record>
        <record id="grade_30" model="hr.insurance.grade">
            <field name="grade">30</field>
            <field name="grade_display">30(27)</field>
            <field name="standard_monthly">500000</field>
            <field name="wage_min">485000</field>
            <field name="wage_max">515000</field>
            <field name="has_pension">True</field>
            <field name="pension_grade">27</field>
        </record>
        <record id="grade_31" model="hr.insurance.grade">
            <field name="grade">31</field>
            <field name="grade_display">31(28)</field>
            <field name="standard_monthly">530000</field>
            <field name="wage_min">515000</field>
            <field name="wage_max">545000</field>
            <field name="has_pension">True</field>
            <field name="pension_grade">28</field>
        </record>
        <record id="grade_32" model="hr.insurance.grade">
            <field name="grade">32</field>
            <field name="grade_display">32(29)</field>
            <field name="standard_monthly">560000</field>
            <field name="wage_min">545000</field>
            <field name="wage_max">575000</field>
            <field name="has_pension">True</field>
            <field name="pension_grade">29</field>
        </record>
        <record id="grade_33" model="hr.insurance.grade">
            <field name="grade">33</field>
            <field name="grade_display">33(30)</field>
            <field name="standard_monthly">590000</field>
            <field name="wage_min">575000</field>
            <field name="wage_max">605000</field>
            <field name="has_pension">True</field>
            <field name="pension_grade">30</field>
        </record>
        <record id="grade_34" model="hr.insurance.grade">
            <field name="grade">34</field>
            <field name="grade_display">34(31)</field>
            <field name="standard_monthly">620000</field>
            <field name="wage_min">605000</field>
            <field name="wage_max">635000</field>
            <field name="has_pension">True</field>
            <field name="pension_grade">31</field>
        </record>
        <record id="grade_35" model="hr.insurance.grade">
            <field name="grade">35</field>
            <field name="grade_display">35(32)</field>
            <field name="standard_monthly">650000</field>
            <field name="wage_min">635000</field>
            <field name="wage_max">665000</field>
            <field name="has_pension">True</field>
            <field name="pension_grade">32</field>
        </record>
        <!-- Health insurance only grades (36-50) - no pension -->
        <record id="grade_36" model="hr.insurance.grade">
            <field name="grade">36</field>
            <field name="grade_display">36</field>
            <field name="standard_monthly">680000</field>
            <field name="wage_min">665000</field>
            <field name="wage_max">695000</field>
            <field name="has_pension">False</field>
        </record>
        <record id="grade_37" model="hr.insurance.grade">
            <field name="grade">37</field>
            <field name="grade_display">37</field>
            <field name="standard_monthly">710000</field>
            <field name="wage_min">695000</field>
            <field name="wage_max">730000</field>
            <field name="has_pension">False</field>
        </record>
        <record id="grade_38" model="hr.insurance.grade">
            <field name="grade">38</field>
            <field name="grade_display">38</field>
            <field name="standard_monthly">750000</field>
            <field name="wage_min">730000</field>
            <field name="wage_max">770000</field>
            <field name="has_pension">False</field>
        </record>
        <record id="grade_39" model="hr.insurance.grade">
            <field name="grade">39</field>
            <field name="grade_display">39</field>
            <field name="standard_monthly">790000</field>
            <field name="wage_min">770000</field>
            <field name="wage_max">810000</field>
            <field name="has_pension">False</field>
        </record>
        <record id="grade_40" model="hr.insurance.grade">
            <field name="grade">40</field>
            <field name="grade_display">40</field>
            <field name="standard_monthly">830000</field>
            <field name="wage_min">810000</field>
            <field name="wage_max">855000</field>
            <field name="has_pension">False</field>
        </record>
        <record id="grade_41" model="hr.insurance.grade">
            <field name="grade">41</field>
            <field name="grade_display">41</field>
            <field name="standard_monthly">880000</field>
            <field name="wage_min">855000</field>
            <field name="wage_max">905000</field>
            <field name="has_pension">False</field>
        </record>
        <record id="grade_42" model="hr.insurance.grade">
            <field name="grade">42</field>
            <field name="grade_display">42</field>
            <field name="standard_monthly">930000</field>
            <field name="wage_min">905000</field>
            <field name="wage_max">955000</field>
            <field name="has_pension">False</field>
        </record>
        <record id="grade_43" model="hr.insurance.grade">
            <field name="grade">43</field>
            <field name="grade_display">43</field>
            <field name="standard_monthly">980000</field>
            <field name="wage_min">955000</field>
            <field name="wage_max">1005000</field>
            <field name="has_pension">False</field>
        </record>
        <record id="grade_44" model="hr.insurance.grade">
            <field name="grade">44</field>
            <field name="grade_display">44</field>
            <field name="standard_monthly">1030000</field>
            <field name="wage_min">1005000</field>
            <field name="wage_max">1055000</field>
            <field name="has_pension">False</field>
        </record>
        <record id="grade_45" model="hr.insurance.grade">
            <field name="grade">45</field>
            <field name="grade_display">45</field>
            <field name="standard_monthly">1090000</field>
            <field name="wage_min">1055000</field>
            <field name="wage_max">1115000</field>
            <field name="has_pension">False</field>
        </record>
        <record id="grade_46" model="hr.insurance.grade">
            <field name="grade">46</field>
            <field name="grade_display">46</field>
            <field name="standard_monthly">1150000</field>
            <field name="wage_min">1115000</field>
            <field name="wage_max">1175000</field>
            <field name="has_pension">False</field>
        </record>
        <record id="grade_47" model="hr.insurance.grade">
            <field name="grade">47</field>
            <field name="grade_display">47</field>
            <field name="standard_monthly">1210000</field>
            <field name="wage_min">1175000</field>
            <field name="wage_max">1235000</field>
            <field name="has_pension">False</field>
        </record>
        <record id="grade_48" model="hr.insurance.grade">
            <field name="grade">48</field>
            <field name="grade_display">48</field>
            <field name="standard_monthly">1270000</field>
            <field name="wage_min">1235000</field>
            <field name="wage_max">1295000</field>
            <field name="has_pension">False</field>
        </record>
        <record id="grade_49" model="hr.insurance.grade">
            <field name="grade">49</field>
            <field name="grade_display">49</field>
            <field name="standard_monthly">1330000</field>
            <field name="wage_min">1295000</field>
            <field name="wage_max">1355000</field>
            <field name="has_pension">False</field>
        </record>
        <record id="grade_50" model="hr.insurance.grade">
            <field name="grade">50</field>
            <field name="grade_display">50</field>
            <field name="standard_monthly">1390000</field>
            <field name="wage_min">1355000</field>
            <field name="wage_max">99999999</field>
            <field name="has_pension">False</field>
        </record>
    </data>
</odoo>
