<?xml version="1.0" encoding="utf-8"?>
<odoo>
    <data noupdate="1">
        <!-- Withholding Tax Table (Monthly) / 源泉徴収税額表（月額表） -->
        <!-- Sample data - key ranges. Full table should be imported separately -->

        <record id="tax_000" model="hr.withholding.tax">
            <field name="wage_min">0</field>
            <field name="wage_max">88000</field>
            <field name="tax_dep_0">0</field>
            <field name="tax_dep_1">0</field>
            <field name="tax_dep_2">0</field>
            <field name="tax_dep_3">0</field>
            <field name="tax_dep_4">0</field>
            <field name="tax_dep_5">0</field>
            <field name="tax_dep_6">0</field>
            <field name="tax_dep_7">0</field>
            <field name="tax_column_b">0</field>
        </record>
        <record id="tax_088" model="hr.withholding.tax">
            <field name="wage_min">88000</field>
            <field name="wage_max">89000</field>
            <field name="tax_dep_0">130</field>
            <field name="tax_dep_1">0</field>
            <field name="tax_dep_2">0</field>
            <field name="tax_dep_3">0</field>
            <field name="tax_dep_4">0</field>
            <field name="tax_dep_5">0</field>
            <field name="tax_dep_6">0</field>
            <field name="tax_dep_7">0</field>
            <field name="tax_column_b">3200</field>
        </record>
        <record id="tax_100" model="hr.withholding.tax">
            <field name="wage_min">99000</field>
            <field name="wage_max">101000</field>
            <field name="tax_dep_0">720</field>
            <field name="tax_dep_1">0</field>
            <field name="tax_dep_2">0</field>
            <field name="tax_dep_3">0</field>
            <field name="tax_dep_4">0</field>
            <field name="tax_dep_5">0</field>
            <field name="tax_dep_6">0</field>
            <field name="tax_dep_7">0</field>
            <field name="tax_column_b">3600</field>
        </record>
        <record id="tax_150" model="hr.withholding.tax">
            <field name="wage_min">149000</field>
            <field name="wage_max">151000</field>
            <field name="tax_dep_0">2980</field>
            <field name="tax_dep_1">1360</field>
            <field name="tax_dep_2">0</field>
            <field name="tax_dep_3">0</field>
            <field name="tax_dep_4">0</field>
            <field name="tax_dep_5">0</field>
            <field name="tax_dep_6">0</field>
            <field name="tax_dep_7">0</field>
            <field name="tax_column_b">8700</field>
        </record>
        <record id="tax_200" model="hr.withholding.tax">
            <field name="wage_min">199000</field>
            <field name="wage_max">201000</field>
            <field name="tax_dep_0">4770</field>
            <field name="tax_dep_1">3140</field>
            <field name="tax_dep_2">1530</field>
            <field name="tax_dep_3">0</field>
            <field name="tax_dep_4">0</field>
            <field name="tax_dep_5">0</field>
            <field name="tax_dep_6">0</field>
            <field name="tax_dep_7">0</field>
            <field name="tax_column_b">20900</field>
        </record>
        <record id="tax_250" model="hr.withholding.tax">
            <field name="wage_min">248000</field>
            <field name="wage_max">251000</field>
            <field name="tax_dep_0">6530</field>
            <field name="tax_dep_1">4920</field>
            <field name="tax_dep_2">3300</field>
            <field name="tax_dep_3">1680</field>
            <field name="tax_dep_4">0</field>
            <field name="tax_dep_5">0</field>
            <field name="tax_dep_6">0</field>
            <field name="tax_dep_7">0</field>
            <field name="tax_column_b">36400</field>
        </record>
        <record id="tax_300" model="hr.withholding.tax">
            <field name="wage_min">299000</field>
            <field name="wage_max">302000</field>
            <field name="tax_dep_0">8420</field>
            <field name="tax_dep_1">6740</field>
            <field name="tax_dep_2">5130</field>
            <field name="tax_dep_3">3510</field>
            <field name="tax_dep_4">1890</field>
            <field name="tax_dep_5">280</field>
            <field name="tax_dep_6">0</field>
            <field name="tax_dep_7">0</field>
            <field name="tax_column_b">53700</field>
        </record>
        <record id="tax_350" model="hr.withholding.tax">
            <field name="wage_min">347000</field>
            <field name="wage_max">350000</field>
            <field name="tax_dep_0">12340</field>
            <field name="tax_dep_1">9110</field>
            <field name="tax_dep_2">7090</field>
            <field name="tax_dep_3">5470</field>
            <field name="tax_dep_4">3850</field>
            <field name="tax_dep_5">2240</field>
            <field name="tax_dep_6">620</field>
            <field name="tax_dep_7">0</field>
            <field name="tax_column_b">69000</field>
        </record>
        <record id="tax_400" model="hr.withholding.tax">
            <field name="wage_min">398000</field>
            <field name="wage_max">401000</field>
            <field name="tax_dep_0">16510</field>
            <field name="tax_dep_1">13270</field>
            <field name="tax_dep_2">10040</field>
            <field name="tax_dep_3">7560</field>
            <field name="tax_dep_4">5930</field>
            <field name="tax_dep_5">4320</field>
            <field name="tax_dep_6">2710</field>
            <field name="tax_dep_7">1080</field>
            <field name="tax_column_b">89800</field>
        </record>
        <record id="tax_420" model="hr.withholding.tax">
            <field name="wage_min">419000</field>
            <field name="wage_max">422000</field>
            <field name="tax_dep_0">18220</field>
            <field name="tax_dep_1">14990</field>
            <field name="tax_dep_2">11750</field>
            <field name="tax_dep_3">8530</field>
            <field name="tax_dep_4">6790</field>
            <field name="tax_dep_5">5180</field>
            <field name="tax_dep_6">3560</field>
            <field name="tax_dep_7">1940</field>
            <field name="tax_column_b">101800</field>
        </record>
        <record id="tax_450" model="hr.withholding.tax">
            <field name="wage_min">449000</field>
            <field name="wage_max">452000</field>
            <field name="tax_dep_0">21560</field>
            <field name="tax_dep_1">17440</field>
            <field name="tax_dep_2">14200</field>
            <field name="tax_dep_3">10980</field>
            <field name="tax_dep_4">8010</field>
            <field name="tax_dep_5">6400</field>
            <field name="tax_dep_6">4790</field>
            <field name="tax_dep_7">3170</field>
            <field name="tax_column_b">118700</field>
        </record>
        <record id="tax_500" model="hr.withholding.tax">
            <field name="wage_min">497000</field>
            <field name="wage_max">500000</field>
            <field name="tax_dep_0">26460</field>
            <field name="tax_dep_1">20000</field>
            <field name="tax_dep_2">16650</field>
            <field name="tax_dep_3">13430</field>
            <field name="tax_dep_4">10190</field>
            <field name="tax_dep_5">7630</field>
            <field name="tax_dep_6">6010</field>
            <field name="tax_dep_7">4390</field>
            <field name="tax_column_b">135600</field>
        </record>
    </data>
</odoo>
